instance,category,parameter_set,run,seed,best_cmax,execution_time,convergence_generation
la01,Small,Set A,1,1,690,0.1619,30
la01,Small,Set A,2,2,702,0.1543,5
la01,Small,Set A,3,3,666,0.1301,30
la01,Small,Set A,4,4,688,0.132,95
la01,Small,Set A,5,5,707,0.1314,62
la01,Small,Set A,6,6,699,0.1297,14
la01,Small,Set A,7,7,689,0.1316,5
la01,Small,Set A,8,8,677,0.1295,77
la01,Small,Set A,9,9,694,0.1292,79
la01,Small,Set A,10,10,690,0.1299,26
la01,Small,Set B,1,1,688,0.4364,5
la01,Small,Set B,2,2,666,0.4379,79
la01,Small,Set B,3,3,676,0.4349,33
la01,Small,Set B,4,4,676,0.4402,26
la01,Small,Set B,5,5,666,0.4377,25
la01,Small,Set B,6,6,668,0.4362,29
la01,Small,Set B,7,7,667,0.441,15
la01,Small,Set B,8,8,666,0.4378,14
la01,Small,Set B,9,9,666,0.4403,88
la01,Small,Set B,10,10,666,0.4351,32
la01,Small,Set C,1,1,666,1.3345,13
la01,Small,Set C,2,2,678,1.3557,9
la01,Small,Set C,3,3,666,1.3492,10
la01,Small,Set C,4,4,666,1.3308,24
la01,Small,Set C,5,5,666,1.3312,16
la01,Small,Set C,6,6,666,1.3271,8
la01,Small,Set C,7,7,667,1.3183,25
la01,Small,Set C,8,8,678,1.3212,12
la01,Small,Set C,9,9,666,1.3307,10
la01,Small,Set C,10,10,667,1.3058,8
la02,Small,Set A,1,1,695,0.1305,70
la02,Small,Set A,2,2,715,0.1284,50
la02,Small,Set A,3,3,728,0.1294,10
la02,Small,Set A,4,4,686,0.1298,73
la02,Small,Set A,5,5,695,0.1291,97
la02,Small,Set A,6,6,737,0.1288,51
la02,Small,Set A,7,7,737,0.1289,71
la02,Small,Set A,8,8,712,0.1291,76
la02,Small,Set A,9,9,734,0.131,69
la02,Small,Set A,10,10,744,0.128,91
la02,Small,Set B,1,1,672,0.4394,33
la02,Small,Set B,2,2,702,0.4349,39
la02,Small,Set B,3,3,727,0.4291,45
la02,Small,Set B,4,4,725,0.4361,5
la02,Small,Set B,5,5,671,0.4348,130
la02,Small,Set B,6,6,711,0.4303,40
la02,Small,Set B,7,7,686,0.4319,199
la02,Small,Set B,8,8,707,0.4297,22
la02,Small,Set B,9,9,729,0.4374,8
la02,Small,Set B,10,10,680,0.4396,70
la02,Small,Set C,1,1,665,1.3446,25
la02,Small,Set C,2,2,677,1.3317,153
la02,Small,Set C,3,3,663,1.3131,44
la02,Small,Set C,4,4,677,1.3145,31
la02,Small,Set C,5,5,663,1.3337,21
la02,Small,Set C,6,6,663,1.3164,77
la02,Small,Set C,7,7,674,1.2934,168
la02,Small,Set C,8,8,667,1.3144,210
la02,Small,Set C,9,9,663,1.3183,64
la02,Small,Set C,10,10,686,1.3134,254
la16,Medium,Set A,1,1,998,0.2575,7
la16,Medium,Set A,2,2,1047,0.2533,6
la16,Medium,Set A,3,3,982,0.2549,11
la16,Medium,Set A,4,4,1015,0.2558,8
la16,Medium,Set A,5,5,1003,0.2756,5
la16,Medium,Set A,6,6,1015,0.2581,5
la16,Medium,Set A,7,7,1001,0.2549,49
la16,Medium,Set A,8,8,1028,0.2571,8
la16,Medium,Set A,9,9,1015,0.2528,3
la16,Medium,Set A,10,10,994,0.2564,89
la16,Medium,Set B,1,1,979,0.8516,17
la16,Medium,Set B,2,2,1025,0.8467,3
la16,Medium,Set B,3,3,1016,0.8567,20
la16,Medium,Set B,4,4,982,0.8536,7
la16,Medium,Set B,5,5,982,0.8482,35
la16,Medium,Set B,6,6,979,0.8534,35
la16,Medium,Set B,7,7,975,0.8536,35
la16,Medium,Set B,8,8,979,0.858,12
la16,Medium,Set B,9,9,979,0.8603,14
la16,Medium,Set B,10,10,979,0.8449,95
la16,Medium,Set C,1,1,979,2.5871,6
la16,Medium,Set C,2,2,979,2.5958,190
la16,Medium,Set C,3,3,988,2.5886,203
la16,Medium,Set C,4,4,979,2.5717,10
la16,Medium,Set C,5,5,961,2.5774,49
la16,Medium,Set C,6,6,979,2.5752,21
la16,Medium,Set C,7,7,982,2.5657,17
la16,Medium,Set C,8,8,979,2.5883,62
la16,Medium,Set C,9,9,982,2.5575,11
la16,Medium,Set C,10,10,979,2.5786,18
la17,Medium,Set A,1,1,813,0.2553,90
la17,Medium,Set A,2,2,825,0.2542,8
la17,Medium,Set A,3,3,868,0.2512,5
la17,Medium,Set A,4,4,842,0.2541,29
la17,Medium,Set A,5,5,819,0.2554,36
la17,Medium,Set A,6,6,812,0.2546,9
la17,Medium,Set A,7,7,853,0.2547,65
la17,Medium,Set A,8,8,816,0.2522,65
la17,Medium,Set A,9,9,820,0.2534,63
la17,Medium,Set A,10,10,867,0.2539,29
la17,Medium,Set B,1,1,828,0.8489,157
la17,Medium,Set B,2,2,806,0.8941,193
la17,Medium,Set B,3,3,819,0.8449,13
la17,Medium,Set B,4,4,821,0.84,16
la17,Medium,Set B,5,5,818,0.8626,96
la17,Medium,Set B,6,6,813,0.8435,14
la17,Medium,Set B,7,7,818,0.8481,26
la17,Medium,Set B,8,8,826,0.8508,5
la17,Medium,Set B,9,9,837,0.8473,35
la17,Medium,Set B,10,10,823,0.8464,128
la17,Medium,Set C,1,1,804,2.5841,32
la17,Medium,Set C,2,2,794,2.581,294
la17,Medium,Set C,3,3,784,2.5826,202
la17,Medium,Set C,4,4,784,2.5798,259
la17,Medium,Set C,5,5,807,2.578,44
la17,Medium,Set C,6,6,821,2.558,13
la17,Medium,Set C,7,7,784,2.5818,144
la17,Medium,Set C,8,8,804,2.5638,142
la17,Medium,Set C,9,9,797,2.5676,14
la17,Medium,Set C,10,10,789,2.582,93
la31,Large,Set A,1,1,1836,1.6914,15
la31,Large,Set A,2,2,1876,1.6602,31
la31,Large,Set A,3,3,1840,1.6574,35
la31,Large,Set A,4,4,1845,1.6451,67
la31,Large,Set A,5,5,1865,1.6623,84
la31,Large,Set A,6,6,1833,1.6485,24
la31,Large,Set A,7,7,1844,1.6429,85
la31,Large,Set A,8,8,1865,1.6608,80
la31,Large,Set A,9,9,1852,1.6614,88
la31,Large,Set A,10,10,1827,1.6587,40
la31,Large,Set B,1,1,1835,5.5389,124
la31,Large,Set B,2,2,1784,5.6985,188
la31,Large,Set B,3,3,1803,5.5538,72
la31,Large,Set B,4,4,1811,5.5065,96
la31,Large,Set B,5,5,1822,5.5422,151
la31,Large,Set B,6,6,1817,5.5026,47
la31,Large,Set B,7,7,1804,5.5088,163
la31,Large,Set B,8,8,1815,5.5279,23
la31,Large,Set B,9,9,1810,5.5169,134
la31,Large,Set B,10,10,1797,5.5411,34
la31,Large,Set C,1,1,1794,16.6393,29
la31,Large,Set C,2,2,1798,16.6342,69
la31,Large,Set C,3,3,1796,16.5815,52
la31,Large,Set C,4,4,1814,16.594,205
la31,Large,Set C,5,5,1784,16.7278,32
la31,Large,Set C,6,6,1784,16.7013,263
la31,Large,Set C,7,7,1793,16.7928,39
la31,Large,Set C,8,8,1784,16.6837,59
la31,Large,Set C,9,9,1784,16.7425,67
la31,Large,Set C,10,10,1784,16.6856,62
la32,Large,Set A,1,1,1987,1.6928,14
la32,Large,Set A,2,2,1975,1.6713,98
la32,Large,Set A,3,3,1989,1.6678,94
la32,Large,Set A,4,4,1965,1.6647,25
la32,Large,Set A,5,5,1954,1.7083,68
la32,Large,Set A,6,6,1925,1.7796,72
la32,Large,Set A,7,7,1973,1.7121,22
la32,Large,Set A,8,8,1957,1.6593,86
la32,Large,Set A,9,9,1979,1.6515,96
la32,Large,Set A,10,10,1991,1.6544,5
la32,Large,Set B,1,1,1940,5.536,159
la32,Large,Set B,2,2,1900,5.5285,114
la32,Large,Set B,3,3,1929,5.5376,188
la32,Large,Set B,4,4,1909,5.5734,102
la32,Large,Set B,5,5,1923,5.516,151
la32,Large,Set B,6,6,1914,5.5114,50
la32,Large,Set B,7,7,1893,5.4789,38
la32,Large,Set B,8,8,1933,5.535,56
la32,Large,Set B,9,9,1935,5.5157,192
la32,Large,Set B,10,10,1882,5.5497,183
la32,Large,Set C,1,1,1887,16.6247,79
la32,Large,Set C,2,2,1852,16.6651,116
la32,Large,Set C,3,3,1869,16.6897,39
la32,Large,Set C,4,4,1900,16.7699,182
la32,Large,Set C,5,5,1853,16.704,85
la32,Large,Set C,6,6,1862,16.8354,45
la32,Large,Set C,7,7,1850,16.7156,61
la32,Large,Set C,8,8,1878,16.6838,68
la32,Large,Set C,9,9,1861,16.5811,191
la32,Large,Set C,10,10,1851,16.9053,79
